{
    "ct": {
        "1": 1564259565.9005694,
        "2": 1564259565.900592,
        "3": 1564259565.9006093,
        "4": 1564259565.9006252,
        "5": 1564259565.9006407,
        "6": 1564259565.9006567,
        "7": 1564259565.9006734,
        "8": 1564259565.9006891,
        "9": 1564259565.9007063,
        "10": 1564259565.9007232,
        "11": 1564259565.9007385,
        "12": 1564259565.900754,
        "13": 1564259565.9007697,
        "14": 1564259565.9007862,
        "15": 1564259565.9008021,
        "16": 1564259565.9008174,
        "17": 1564259565.9008472,
        "18": 1564259565.9008648,
        "19": 1564259565.9008813,
        "20": 1564259565.9008973,
        "21": 1564259565.9009132,
        "22": 1564259565.9009285,
        "23": 1564259565.9009435,
        "24": 1564259565.900959,
        "25": 1564259565.9009743,
        "26": 1564259565.9009902,
        "27": 1564259565.9010053,
        "28": 1564259565.9010212,
        "29": 1564259565.9010367,
        "30": 1564259565.9010522,
        "31": 1564259565.9010682,
        "32": 1564259565.9010837,
        "33": 1564259565.9010987,
        "34": 1564259565.9011147,
        "35": 1564259565.90113,
        "36": 1564259565.901146,
        "37": 1564259565.901161,
        "38": 1564259565.9011762,
        "39": 1564259565.9011922,
        "40": 1564259565.9012322,
        "41": 1564259565.901249,
        "42": 1564259565.9012654,
        "43": 1564259565.9012809,
        "44": 1564259565.9012966,
        "45": 1564259565.901312,
        "46": 1564259565.9013278,
        "47": 1564259565.9013438,
        "1": 1564260297.1166449,
        "2": 1564260297.11667,
        "3": 1564260297.1166873,
        "4": 1564260297.116705,
        "5": 1564260297.1167276,
        "6": 1564260297.116747,
        "7": 1564260297.1167634,
        "8": 1564260297.1167793,
        "9": 1564260297.1167963,
        "10": 1564260297.1168137,
        "11": 1564260297.1168299,
        "12": 1564260297.1168458,
        "13": 1564260297.1168625,
        "14": 1564260297.1168797,
        "15": 1564260297.1168962,
        "16": 1564260297.1169124,
        "17": 1564260297.1169686,
        "18": 1564260297.1169875,
        "19": 1564260297.1170053,
        "20": 1564260297.117022,
        "21": 1564260297.117038,
        "22": 1564260297.1170545,
        "23": 1564260297.117071,
        "24": 1564260297.1170876,
        "25": 1564260297.117103,
        "26": 1564260297.1171203,
        "27": 1564260297.1171377,
        "28": 1564260297.1171548,
        "29": 1564260297.1171713,
        "30": 1564260297.1171868,
        "31": 1564260297.117203,
        "32": 1564260297.1172185,
        "33": 1564260297.1172342,
        "34": 1564260297.11725,
        "35": 1564260297.1172657,
        "36": 1564260297.1172822,
        "37": 1564260297.1172981,
        "38": 1564260297.117314,
        "39": 1564260297.1173296,
        "40": 1564260297.1173747,
        "41": 1564260297.1173925,
        "42": 1564260297.1174095,
        "43": 1564260297.117426,
        "44": 1564260297.117442,
        "45": 1564260297.1174576,
        "46": 1564260297.1174734,
        "47": 1564260297.1174896
    },
    "rtbk": {
        "1": 1564259565.9013624,
        "2": 1564259565.901379,
        "3": 1564259565.9013944,
        "4": 1564259565.90141,
        "5": 1564259565.9014254,
        "6": 1564259565.901441,
        "7": 1564259565.9014568,
        "8": 1564259565.9014726,
        "9": 1564259565.9014885,
        "10": 1564259565.9015105,
        "11": 1564259565.9015265,
        "12": 1564259565.9015439,
        "13": 1564259565.9015598,
        "1": 1564260297.1175098,
        "2": 1564260297.1175268,
        "3": 1564260297.1175425,
        "4": 1564260297.117558,
        "5": 1564260297.1175733,
        "6": 1564260297.1175895,
        "7": 1564260297.1176057,
        "8": 1564260297.1177804,
        "9": 1564260297.1178029,
        "10": 1564260297.1178298,
        "11": 1564260297.117852,
        "12": 1564260297.1178687,
        "13": 1564260297.1178846
    }
}